fsx_export	export_month	analysis_code	repo_s3_uri	status	has_day_cmd_log	has_success_marker	hg38_result_prefixes	hg38_result_object_count	sample_count	unit_count	sample_ids	run_ids	platforms	coverage_or_experiment_ids	first_command_time	last_command_time	command_count	dryrun_command_count	pipeline_command	pipeline_targets	pipeline_genome	pipeline_profile	pipeline_jobs	total_runtime_seconds	rule_count	top_rules	notes
FSxLustre20260122T043503Z	2026-01	h5555-008f3678-20260122	s3://lsmc-dayoa-omics-analysis-us-west-2/FSxLustre20260122T043503Z/analysis_results/ubuntu/h5555-008f3678-20260122/daylily-omics-analysis/	complete	True	True	s3://lsmc-dayoa-omics-analysis-us-west-2/FSxLustre20260122T043503Z/analysis_results/ubuntu/h5555-008f3678-20260122/daylily-omics-analysis/results/day/hg38/	4	3	3	HG001,HG005,HG007	R0	ILMN,NOVASEQX	EX1	2026-01-22T09:50:49+00:00	2026-01-22T09:50:49+00:00	1	0	snakemake --profile=/fsx/analysis_results/ubuntu/h5555-008f3678-20260122/daylily-omics-analysis/config/day_profiles/slurm -p help	help		/fsx/analysis_results/ubuntu/h5555-008f3678-20260122/daylily-omics-analysis/config/day_profiles/slurm		340.578	1	help	none
FSxLustre20260122T043503Z	2026-01	jem-again-7544d76c-20260122	s3://lsmc-dayoa-omics-analysis-us-west-2/FSxLustre20260122T043503Z/analysis_results/ubuntu/jem-again-7544d76c-20260122/daylily-omics-analysis/	complete	True	True	s3://lsmc-dayoa-omics-analysis-us-west-2/FSxLustre20260122T043503Z/analysis_results/ubuntu/jem-again-7544d76c-20260122/daylily-omics-analysis/results/day/hg38/	4	3	3	HG001,HG005,HG007	R0	ILMN,NOVASEQX	EX1	2026-01-22T09:50:50+00:00	2026-01-22T09:50:50+00:00	1	0	snakemake --profile=/fsx/analysis_results/ubuntu/jem-again-7544d76c-20260122/daylily-omics-analysis/config/day_profiles/slurm -p help	help		/fsx/analysis_results/ubuntu/jem-again-7544d76c-20260122/daylily-omics-analysis/config/day_profiles/slurm		340.57	1	help	none
FSxLustre20260122T043503Z	2026-01	jem-ksink1-bb555710-20260122	s3://lsmc-dayoa-omics-analysis-us-west-2/FSxLustre20260122T043503Z/analysis_results/ubuntu/jem-ksink1-bb555710-20260122/daylily-omics-analysis/	complete	True	True	s3://lsmc-dayoa-omics-analysis-us-west-2/FSxLustre20260122T043503Z/analysis_results/ubuntu/jem-ksink1-bb555710-20260122/daylily-omics-analysis/results/day/hg38/	3046	3	3	HG001,HG005,HG007	R0	ILMN,NOVASEQX	EX1	2026-01-22T09:51:55+00:00	2026-01-22T09:51:55+00:00	1	0	snakemake --profile=/fsx/analysis_results/ubuntu/jem-ksink1-bb555710-20260122/daylily-omics-analysis/config/day_profiles/slurm produce_snv_concordances produce_multiqc_final_wgs produce_alignstats produce_tiddit produce_manta -p -k -j 200 --config aligners=[bwa2a] dedupers=[dppl] snv_callers=[deep19] sv_callers=[tiddit,manta]	produce_snv_concordances,produce_multiqc_final_wgs,produce_alignstats,produce_tiddit,produce_manta		/fsx/analysis_results/ubuntu/jem-ksink1-bb555710-20260122/daylily-omics-analysis/config/day_profiles/slurm	200	2741.714	22	prep_for_concordance_check,deepvariant_19,calc_coverage_evenness,manta,tiddit,bwa_mem2_sort,picard_cram,alignstats,mosdepth,gen_samstats	none
FSxLustre20260122T043503Z	2026-01	kklklklklk-b8a0fa9c-20260122	s3://lsmc-dayoa-omics-analysis-us-west-2/FSxLustre20260122T043503Z/analysis_results/ubuntu/kklklklklk-b8a0fa9c-20260122/daylily-omics-analysis/	complete	True	True	s3://lsmc-dayoa-omics-analysis-us-west-2/FSxLustre20260122T043503Z/analysis_results/ubuntu/kklklklklk-b8a0fa9c-20260122/daylily-omics-analysis/results/day/hg38/	3046	3	3	HG001,HG005,HG007	R0	ILMN,NOVASEQX	EX1	2026-01-22T09:15:24+00:00	2026-01-22T09:15:24+00:00	1	0	snakemake --profile=/fsx/analysis_results/ubuntu/kklklklklk-b8a0fa9c-20260122/daylily-omics-analysis/config/day_profiles/slurm produce_snv_concordances produce_multiqc_final_wgs produce_alignstats produce_tiddit produce_manta -p -k -j 200 --config aligners=[bwa2a] dedupers=[dppl] snv_callers=[deep19] sv_callers=[tiddit,manta]	produce_snv_concordances,produce_multiqc_final_wgs,produce_alignstats,produce_tiddit,produce_manta		/fsx/analysis_results/ubuntu/kklklklklk-b8a0fa9c-20260122/daylily-omics-analysis/config/day_profiles/slurm	200	2558.785	22	prep_for_concordance_check,deepvariant_19,calc_coverage_evenness,manta,bwa_mem2_sort,tiddit,picard_cram,alignstats,gen_samstats,deep19_sort_index_chunk_vcf	none
FSxLustre20260122T112533Z	2026-01	0122-h1usw2d-c-95aaac55-20260122	s3://lsmc-dayoa-omics-analysis-us-west-2/FSxLustre20260122T112533Z/analysis_results/ubuntu/0122-h1usw2d-c-95aaac55-20260122/daylily-omics-analysis/	complete	True	True	s3://lsmc-dayoa-omics-analysis-us-west-2/FSxLustre20260122T112533Z/analysis_results/ubuntu/0122-h1usw2d-c-95aaac55-20260122/daylily-omics-analysis/results/day/hg38/	4	1	1	HG007	R77	ILMN,NOVASEQX	EX70	2026-01-22T21:39:20+00:00	2026-01-22T21:39:20+00:00	1	0	snakemake --profile=/fsx/analysis_results/ubuntu/0122-h1usw2d-c-95aaac55-20260122/daylily-omics-analysis/config/day_profiles/slurm -p help	help		/fsx/analysis_results/ubuntu/0122-h1usw2d-c-95aaac55-20260122/daylily-omics-analysis/config/day_profiles/slurm		350.797	1	help	none
FSxLustre20260122T112533Z	2026-01	cust-1-run2-4a17185f-20260122	s3://lsmc-dayoa-omics-analysis-us-west-2/FSxLustre20260122T112533Z/analysis_results/ubuntu/cust-1-run2-4a17185f-20260122/daylily-omics-analysis/	complete	True	True	s3://lsmc-dayoa-omics-analysis-us-west-2/FSxLustre20260122T112533Z/analysis_results/ubuntu/cust-1-run2-4a17185f-20260122/daylily-omics-analysis/results/day/hg38/	1064	1	1	HG003	RU776	ILMN,NOVASEQX	EX8888	2026-01-22T23:28:54+00:00	2026-01-22T23:28:54+00:00	1	0	snakemake --profile=/fsx/analysis_results/ubuntu/cust-1-run2-4a17185f-20260122/daylily-omics-analysis/config/day_profiles/slurm produce_snv_concordances produce_multiqc_final_wgs produce_alignstats produce_tiddit produce_manta -p -k -j 200 --config aligners=[bwa2a] dedupers=[dppl] snv_callers=[deep19] sv_callers=[tiddit,manta]	produce_snv_concordances,produce_multiqc_final_wgs,produce_alignstats,produce_tiddit,produce_manta		/fsx/analysis_results/ubuntu/cust-1-run2-4a17185f-20260122/daylily-omics-analysis/config/day_profiles/slurm	200	2398.826	22	prep_for_concordance_check,calc_coverage_evenness,deepvariant_19,manta,tiddit,bwa_mem2_sort,gen_samstats,mosdepth,picard_cram,alignstats	none
FSxLustre20260122T112533Z	2026-01	jem-test-e3ea3609-20260126	s3://lsmc-dayoa-omics-analysis-us-west-2/FSxLustre20260122T112533Z/analysis_results/ubuntu/jem-test-e3ea3609-20260126/daylily-omics-analysis/	complete	True	True	s3://lsmc-dayoa-omics-analysis-us-west-2/FSxLustre20260122T112533Z/analysis_results/ubuntu/jem-test-e3ea3609-20260126/daylily-omics-analysis/results/day/hg38/	2055	2	2	HG003,HG004	RX1	ILMN,NOVASEQX	E1,EX1	2026-01-26T02:53:37+00:00	2026-01-26T02:53:37+00:00	1	0	snakemake --profile=/fsx/analysis_results/ubuntu/jem-test-e3ea3609-20260126/daylily-omics-analysis/config/day_profiles/slurm produce_snv_concordances produce_multiqc_final_wgs produce_alignstats produce_tiddit produce_manta -p -k -j 200 --config aligners=[bwa2a] dedupers=[dppl] snv_callers=[deep19] sv_callers=[tiddit,manta]	produce_snv_concordances,produce_multiqc_final_wgs,produce_alignstats,produce_tiddit,produce_manta		/fsx/analysis_results/ubuntu/jem-test-e3ea3609-20260126/daylily-omics-analysis/config/day_profiles/slurm	200	2799.817	22	prep_for_concordance_check,calc_coverage_evenness,deepvariant_19,manta,bwa_mem2_sort,tiddit,picard_cram,mosdepth,alignstats,gen_samstats	none
FSxLustre20260122T112533Z	2026-01	jem1333-uswa-09693acd-20260123	s3://lsmc-dayoa-omics-analysis-us-west-2/FSxLustre20260122T112533Z/analysis_results/ubuntu/jem1333-uswa-09693acd-20260123/daylily-omics-analysis/	complete	True	True	s3://lsmc-dayoa-omics-analysis-us-west-2/FSxLustre20260122T112533Z/analysis_results/ubuntu/jem1333-uswa-09693acd-20260123/daylily-omics-analysis/results/day/hg38/	4	1	1	HG002	RU9	ILMN,NOVASEQX	EX9	2026-01-23T09:37:07+00:00	2026-01-23T09:37:07+00:00	1	0	snakemake --profile=/fsx/analysis_results/ubuntu/jem1333-uswa-09693acd-20260123/daylily-omics-analysis/config/day_profiles/slurm -p help	help		/fsx/analysis_results/ubuntu/jem1333-uswa-09693acd-20260123/daylily-omics-analysis/config/day_profiles/slurm		388.231	1	help	none
FSxLustre20260122T112533Z	2026-01	jghj76-f5dce759-20260123	s3://lsmc-dayoa-omics-analysis-us-west-2/FSxLustre20260122T112533Z/analysis_results/ubuntu/jghj76-f5dce759-20260123/daylily-omics-analysis/	complete	True	True	s3://lsmc-dayoa-omics-analysis-us-west-2/FSxLustre20260122T112533Z/analysis_results/ubuntu/jghj76-f5dce759-20260123/daylily-omics-analysis/results/day/hg38/	4	1	1	HG002	RU9	ILMN,NOVASEQX	EX9	2026-01-23T10:25:31+00:00	2026-01-23T10:25:31+00:00	1	0	snakemake --profile=/fsx/analysis_results/ubuntu/jghj76-f5dce759-20260123/daylily-omics-analysis/config/day_profiles/slurm -p help	help		/fsx/analysis_results/ubuntu/jghj76-f5dce759-20260123/daylily-omics-analysis/config/day_profiles/slurm		398.239	1	help	none
FSxLustre20260122T112533Z	2026-01	testwf-1-75318f44-20260126	s3://lsmc-dayoa-omics-analysis-us-west-2/FSxLustre20260122T112533Z/analysis_results/ubuntu/testwf-1-75318f44-20260126/daylily-omics-analysis/	complete	True	True	s3://lsmc-dayoa-omics-analysis-us-west-2/FSxLustre20260122T112533Z/analysis_results/ubuntu/testwf-1-75318f44-20260126/daylily-omics-analysis/results/day/hg38/	2055	2	2	HG003,HG004	RX1	ILMN,NOVASEQX	E1,EX1	2026-01-26T20:41:29+00:00	2026-01-26T20:41:29+00:00	1	0	snakemake --profile=/fsx/analysis_results/ubuntu/testwf-1-75318f44-20260126/daylily-omics-analysis/config/day_profiles/slurm produce_snv_concordances produce_multiqc_final_wgs produce_alignstats produce_tiddit produce_manta -p -k -j 200 --config aligners=[bwa2a] dedupers=[dppl] snv_callers=[deep19] sv_callers=[tiddit,manta]	produce_snv_concordances,produce_multiqc_final_wgs,produce_alignstats,produce_tiddit,produce_manta		/fsx/analysis_results/ubuntu/testwf-1-75318f44-20260126/daylily-omics-analysis/config/day_profiles/slurm	200	2637.403	22	prep_for_concordance_check,calc_coverage_evenness,deepvariant_19,manta,tiddit,bwa_mem2_sort,picard_cram,alignstats,qualimap,mosdepth	none
FSxLustre20260122T112533Z	2026-01	us-w-a-ksink-fromeu-0955e63b-20260124	s3://lsmc-dayoa-omics-analysis-us-west-2/FSxLustre20260122T112533Z/analysis_results/ubuntu/us-w-a-ksink-fromeu-0955e63b-20260124/daylily-omics-analysis/	complete	True	True	s3://lsmc-dayoa-omics-analysis-us-west-2/FSxLustre20260122T112533Z/analysis_results/ubuntu/us-w-a-ksink-fromeu-0955e63b-20260124/daylily-omics-analysis/results/day/hg38/	1064	1	1	HG007	RX2	ILMN,NOVASEQX	EX2	2026-01-24T08:19:31+00:00	2026-01-24T08:19:31+00:00	1	0	snakemake --profile=/fsx/analysis_results/ubuntu/us-w-a-ksink-fromeu-0955e63b-20260124/daylily-omics-analysis/config/day_profiles/slurm produce_snv_concordances produce_multiqc_final_wgs produce_alignstats produce_tiddit produce_manta -p -k -j 200 --config aligners=[bwa2a] dedupers=[dppl] snv_callers=[deep19] sv_callers=[tiddit,manta]	produce_snv_concordances,produce_multiqc_final_wgs,produce_alignstats,produce_tiddit,produce_manta		/fsx/analysis_results/ubuntu/us-w-a-ksink-fromeu-0955e63b-20260124/daylily-omics-analysis/config/day_profiles/slurm	200	5314.981	22	bwa_mem2_sort,gen_samstats,prep_for_concordance_check,tiddit,alignstats,calc_coverage_evenness,deepvariant_19,doppelmark_dups,manta,mosdepth	none
FSxLustre20260122T112533Z	2026-01	usw-1a-test-a5d711f8-20260124	s3://lsmc-dayoa-omics-analysis-us-west-2/FSxLustre20260122T112533Z/analysis_results/ubuntu/usw-1a-test-a5d711f8-20260124/daylily-omics-analysis/	complete	True	True	s3://lsmc-dayoa-omics-analysis-us-west-2/FSxLustre20260122T112533Z/analysis_results/ubuntu/usw-1a-test-a5d711f8-20260124/daylily-omics-analysis/results/day/hg38/	4	2	2	HG003,HG004	RX1	ILMN,NOVASEQX	E1,EX1	2026-01-24T07:26:42+00:00	2026-01-24T07:26:42+00:00	1	0	snakemake --profile=/fsx/analysis_results/ubuntu/usw-1a-test-a5d711f8-20260124/daylily-omics-analysis/config/day_profiles/slurm -p help	help		/fsx/analysis_results/ubuntu/usw-1a-test-a5d711f8-20260124/daylily-omics-analysis/config/day_profiles/slurm		330.58	1	help	none
FSxLustre20260122T112533Z	2026-01	usw2-test-from-usw-bucket-b4a385cf-20260123	s3://lsmc-dayoa-omics-analysis-us-west-2/FSxLustre20260122T112533Z/analysis_results/ubuntu/usw2-test-from-usw-bucket-b4a385cf-20260123/daylily-omics-analysis/	complete	True	True	s3://lsmc-dayoa-omics-analysis-us-west-2/FSxLustre20260122T112533Z/analysis_results/ubuntu/usw2-test-from-usw-bucket-b4a385cf-20260123/daylily-omics-analysis/results/day/hg38/	4	1	1	HG003	RU1	ILMN,NOVASEQX	E1	2026-01-23T14:08:18+00:00	2026-01-23T14:08:18+00:00	1	0	snakemake --profile=/fsx/analysis_results/ubuntu/usw2-test-from-usw-bucket-b4a385cf-20260123/daylily-omics-analysis/config/day_profiles/slurm -p help	help		/fsx/analysis_results/ubuntu/usw2-test-from-usw-bucket-b4a385cf-20260123/daylily-omics-analysis/config/day_profiles/slurm		350.601	1	help	none
FSxLustre20260122T112533Z	2026-01	usw2a-prof-82e4e56d-20260123	s3://lsmc-dayoa-omics-analysis-us-west-2/FSxLustre20260122T112533Z/analysis_results/ubuntu/usw2a-prof-82e4e56d-20260123/daylily-omics-analysis/	complete	True	True	s3://lsmc-dayoa-omics-analysis-us-west-2/FSxLustre20260122T112533Z/analysis_results/ubuntu/usw2a-prof-82e4e56d-20260123/daylily-omics-analysis/results/day/hg38/	4	1	1	HG002	RU9	ILMN,NOVASEQX	EX9	2026-01-23T09:55:02+00:00	2026-01-23T09:55:02+00:00	1	0	snakemake --profile=/fsx/analysis_results/ubuntu/usw2a-prof-82e4e56d-20260123/daylily-omics-analysis/config/day_profiles/slurm -p help	help		/fsx/analysis_results/ubuntu/usw2a-prof-82e4e56d-20260123/daylily-omics-analysis/config/day_profiles/slurm		370.635	1	help	none
FSxLustre20260122T112533Z	2026-01	uswest-a-ksink-a51eb09a-20260124	s3://lsmc-dayoa-omics-analysis-us-west-2/FSxLustre20260122T112533Z/analysis_results/ubuntu/uswest-a-ksink-a51eb09a-20260124/daylily-omics-analysis/	complete	True	True	s3://lsmc-dayoa-omics-analysis-us-west-2/FSxLustre20260122T112533Z/analysis_results/ubuntu/uswest-a-ksink-a51eb09a-20260124/daylily-omics-analysis/results/day/hg38/	2055	2	2	HG003,HG004	RX1	ILMN,NOVASEQX	E1,EX1	2026-01-24T07:48:38+00:00	2026-01-24T07:48:38+00:00	1	0	snakemake --profile=/fsx/analysis_results/ubuntu/uswest-a-ksink-a51eb09a-20260124/daylily-omics-analysis/config/day_profiles/slurm produce_snv_concordances produce_multiqc_final_wgs produce_alignstats produce_tiddit produce_manta -p -k -j 200 --config aligners=[bwa2a] dedupers=[dppl] snv_callers=[deep19] sv_callers=[tiddit,manta]	produce_snv_concordances,produce_multiqc_final_wgs,produce_alignstats,produce_tiddit,produce_manta		/fsx/analysis_results/ubuntu/uswest-a-ksink-a51eb09a-20260124/daylily-omics-analysis/config/day_profiles/slurm	200	2450.931	22	prep_for_concordance_check,calc_coverage_evenness,deepvariant_19,manta,tiddit,bwa_mem2_sort,mosdepth,picard_cram,gen_samstats,alignstats	none
FSxLustre20260122T112533Z	2026-01	uwa2222-fb88c0b3-20260123	s3://lsmc-dayoa-omics-analysis-us-west-2/FSxLustre20260122T112533Z/analysis_results/ubuntu/uwa2222-fb88c0b3-20260123/daylily-omics-analysis/	complete	True	True	s3://lsmc-dayoa-omics-analysis-us-west-2/FSxLustre20260122T112533Z/analysis_results/ubuntu/uwa2222-fb88c0b3-20260123/daylily-omics-analysis/results/day/hg38/	1064	1	1	HG003	RU1	ILMN,NOVASEQX	E1	2026-01-23T13:51:14+00:00	2026-01-23T13:51:14+00:00	1	0	snakemake --profile=/fsx/analysis_results/ubuntu/uwa2222-fb88c0b3-20260123/daylily-omics-analysis/config/day_profiles/slurm produce_snv_concordances produce_multiqc_final_wgs produce_alignstats produce_tiddit produce_manta -p -k -j 200 --config aligners=[bwa2a] dedupers=[dppl] snv_callers=[deep19] sv_callers=[tiddit,manta]	produce_snv_concordances,produce_multiqc_final_wgs,produce_alignstats,produce_tiddit,produce_manta		/fsx/analysis_results/ubuntu/uwa2222-fb88c0b3-20260123/daylily-omics-analysis/config/day_profiles/slurm	200	2526.946	22	prep_for_concordance_check,calc_coverage_evenness,deepvariant_19,tiddit,manta,gen_samstats,picard_cram,mosdepth,bwa_mem2_sort,alignstats	none
FSxLustre20260122T112533Z	2026-01	uwaaaaaaaa-3b18f4b5-20260123	s3://lsmc-dayoa-omics-analysis-us-west-2/FSxLustre20260122T112533Z/analysis_results/ubuntu/uwaaaaaaaa-3b18f4b5-20260123/daylily-omics-analysis/	complete	True	True	s3://lsmc-dayoa-omics-analysis-us-west-2/FSxLustre20260122T112533Z/analysis_results/ubuntu/uwaaaaaaaa-3b18f4b5-20260123/daylily-omics-analysis/results/day/hg38/	2055	2	2	HG003,HG007	RU99	ILMN,NOVASEQX	EX71,EX88	2026-01-23T11:45:43+00:00	2026-01-23T11:45:43+00:00	1	0	snakemake --profile=/fsx/analysis_results/ubuntu/uwaaaaaaaa-3b18f4b5-20260123/daylily-omics-analysis/config/day_profiles/slurm produce_snv_concordances produce_multiqc_final_wgs produce_alignstats produce_tiddit produce_manta -p -k -j 200 --config aligners=[bwa2a] dedupers=[dppl] snv_callers=[deep19] sv_callers=[tiddit,manta]	produce_snv_concordances,produce_multiqc_final_wgs,produce_alignstats,produce_tiddit,produce_manta		/fsx/analysis_results/ubuntu/uwaaaaaaaa-3b18f4b5-20260123/daylily-omics-analysis/config/day_profiles/slurm	200	2997.36	22	prep_for_concordance_check,deepvariant_19,calc_coverage_evenness,bwa_mem2_sort,tiddit,manta,gen_samstats,alignstats,mosdepth,picard_cram	none
FSxLustre20260122T112533Z	2026-01	wbbbbbb-7a2346cd-20260123	s3://lsmc-dayoa-omics-analysis-us-west-2/FSxLustre20260122T112533Z/analysis_results/ubuntu/wbbbbbb-7a2346cd-20260123/daylily-omics-analysis/	complete	True	True	s3://lsmc-dayoa-omics-analysis-us-west-2/FSxLustre20260122T112533Z/analysis_results/ubuntu/wbbbbbb-7a2346cd-20260123/daylily-omics-analysis/results/day/hg38/	4	1	1	HG002	RU9	ILMN,NOVASEQX	EX9	2026-01-23T11:32:57+00:00	2026-01-23T11:32:57+00:00	1	0	snakemake --profile=/fsx/analysis_results/ubuntu/wbbbbbb-7a2346cd-20260123/daylily-omics-analysis/config/day_profiles/slurm -p help	help		/fsx/analysis_results/ubuntu/wbbbbbb-7a2346cd-20260123/daylily-omics-analysis/config/day_profiles/slurm		310.515	1	help	none
FSxLustre20260122T113142Z	2026-01	0122-h1usw2d-b-ea2d8098-20260122	s3://lsmc-dayoa-omics-analysis-us-west-2/FSxLustre20260122T113142Z/analysis_results/ubuntu/0122-h1usw2d-b-ea2d8098-20260122/daylily-omics-analysis/	complete	True	True	s3://lsmc-dayoa-omics-analysis-us-west-2/FSxLustre20260122T113142Z/analysis_results/ubuntu/0122-h1usw2d-b-ea2d8098-20260122/daylily-omics-analysis/results/day/hg38/	4	1	1	HG003	R88	ILMN,NOVASEQX	EX88	2026-01-22T21:38:23+00:00	2026-01-22T21:38:23+00:00	1	0	snakemake --profile=/fsx/analysis_results/ubuntu/0122-h1usw2d-b-ea2d8098-20260122/daylily-omics-analysis/config/day_profiles/slurm -p help	help		/fsx/analysis_results/ubuntu/0122-h1usw2d-b-ea2d8098-20260122/daylily-omics-analysis/config/day_profiles/slurm		371.002	1	help	none
FSxLustre20260122T113142Z	2026-01	dfhfgfghjfgfg-b74e5ea1-20260123	s3://lsmc-dayoa-omics-analysis-us-west-2/FSxLustre20260122T113142Z/analysis_results/ubuntu/dfhfgfghjfgfg-b74e5ea1-20260123/daylily-omics-analysis/	complete	True	True	s3://lsmc-dayoa-omics-analysis-us-west-2/FSxLustre20260122T113142Z/analysis_results/ubuntu/dfhfgfghjfgfg-b74e5ea1-20260123/daylily-omics-analysis/results/day/hg38/	4	1	1	HG002	RU9	ILMN,NOVASEQX	EX9	2026-01-23T10:25:26+00:00	2026-01-23T10:25:26+00:00	1	0	snakemake --profile=/fsx/analysis_results/ubuntu/dfhfgfghjfgfg-b74e5ea1-20260123/daylily-omics-analysis/config/day_profiles/slurm -p help	help		/fsx/analysis_results/ubuntu/dfhfgfghjfgfg-b74e5ea1-20260123/daylily-omics-analysis/config/day_profiles/slurm		370.611	1	help	none
FSxLustre20260122T113142Z	2026-01	jem-test-2-6a8b17ba-20260126	s3://lsmc-dayoa-omics-analysis-us-west-2/FSxLustre20260122T113142Z/analysis_results/ubuntu/jem-test-2-6a8b17ba-20260126/daylily-omics-analysis/	complete	True	True	s3://lsmc-dayoa-omics-analysis-us-west-2/FSxLustre20260122T113142Z/analysis_results/ubuntu/jem-test-2-6a8b17ba-20260126/daylily-omics-analysis/results/day/hg38/	2055	2	2	HG003,HG004	RX1	ILMN,NOVASEQX	E1,EX1	2026-01-26T02:03:45+00:00	2026-01-26T02:03:45+00:00	1	0	snakemake --profile=/fsx/analysis_results/ubuntu/jem-test-2-6a8b17ba-20260126/daylily-omics-analysis/config/day_profiles/slurm produce_snv_concordances produce_multiqc_final_wgs produce_alignstats produce_tiddit produce_manta -p -k -j 200 --config aligners=[bwa2a] dedupers=[dppl] snv_callers=[deep19] sv_callers=[tiddit,manta]	produce_snv_concordances,produce_multiqc_final_wgs,produce_alignstats,produce_tiddit,produce_manta		/fsx/analysis_results/ubuntu/jem-test-2-6a8b17ba-20260126/daylily-omics-analysis/config/day_profiles/slurm	200	2628.808	22	prep_for_concordance_check,deepvariant_19,calc_coverage_evenness,manta,tiddit,alignstats,bwa_mem2_sort,goleft,qualimap,mosdepth	none
FSxLustre20260122T113142Z	2026-01	tt55-2076477d-20260123	s3://lsmc-dayoa-omics-analysis-us-west-2/FSxLustre20260122T113142Z/analysis_results/ubuntu/tt55-2076477d-20260123/daylily-omics-analysis/	complete	True	True	s3://lsmc-dayoa-omics-analysis-us-west-2/FSxLustre20260122T113142Z/analysis_results/ubuntu/tt55-2076477d-20260123/daylily-omics-analysis/results/day/hg38/	4	1	1	HG001	R1	ILMN,NOVASEQX	EX1	2026-01-23T07:40:53+00:00	2026-01-23T07:40:53+00:00	1	0	snakemake --profile=/fsx/analysis_results/ubuntu/tt55-2076477d-20260123/daylily-omics-analysis/config/day_profiles/slurm -p help	help		/fsx/analysis_results/ubuntu/tt55-2076477d-20260123/daylily-omics-analysis/config/day_profiles/slurm		310.549	1	help	none
FSxLustre20260122T113142Z	2026-01	us-w2-b-eu-2-11ee6566-20260124	s3://lsmc-dayoa-omics-analysis-us-west-2/FSxLustre20260122T113142Z/analysis_results/ubuntu/us-w2-b-eu-2-11ee6566-20260124/daylily-omics-analysis/	complete	True	True	s3://lsmc-dayoa-omics-analysis-us-west-2/FSxLustre20260122T113142Z/analysis_results/ubuntu/us-w2-b-eu-2-11ee6566-20260124/daylily-omics-analysis/results/day/hg38/	4	1	1	HG007	RX2	ILMN,NOVASEQX	EX2	2026-01-24T07:53:33+00:00	2026-01-24T07:53:33+00:00	1	0	snakemake --profile=/fsx/analysis_results/ubuntu/us-w2-b-eu-2-11ee6566-20260124/daylily-omics-analysis/config/day_profiles/slurm -p help	help		/fsx/analysis_results/ubuntu/us-w2-b-eu-2-11ee6566-20260124/daylily-omics-analysis/config/day_profiles/slurm		280.471	1	help	none
FSxLustre20260122T113142Z	2026-01	us-wb-ksink-b4b5ff55-20260124	s3://lsmc-dayoa-omics-analysis-us-west-2/FSxLustre20260122T113142Z/analysis_results/ubuntu/us-wb-ksink-b4b5ff55-20260124/daylily-omics-analysis/	complete	True	True	s3://lsmc-dayoa-omics-analysis-us-west-2/FSxLustre20260122T113142Z/analysis_results/ubuntu/us-wb-ksink-b4b5ff55-20260124/daylily-omics-analysis/results/day/hg38/	2055	2	2	HG003,HG004	RX1	ILMN,NOVASEQX	E1,EX1	2026-01-24T07:48:42+00:00	2026-01-24T07:48:42+00:00	1	0	snakemake --profile=/fsx/analysis_results/ubuntu/us-wb-ksink-b4b5ff55-20260124/daylily-omics-analysis/config/day_profiles/slurm produce_snv_concordances produce_multiqc_final_wgs produce_alignstats produce_tiddit produce_manta -p -k -j 200 --config aligners=[bwa2a] dedupers=[dppl] snv_callers=[deep19] sv_callers=[tiddit,manta]	produce_snv_concordances,produce_multiqc_final_wgs,produce_alignstats,produce_tiddit,produce_manta		/fsx/analysis_results/ubuntu/us-wb-ksink-b4b5ff55-20260124/daylily-omics-analysis/config/day_profiles/slurm	200	2726.944	22	prep_for_concordance_check,calc_coverage_evenness,deepvariant_19,manta,tiddit,bwa_mem2_sort,mosdepth,alignstats,picard_cram,deep19_concat_index_chunks	none
FSxLustre20260122T113142Z	2026-01	us-west-2-again-testys-075cf0f4-20260124	s3://lsmc-dayoa-omics-analysis-us-west-2/FSxLustre20260122T113142Z/analysis_results/ubuntu/us-west-2-again-testys-075cf0f4-20260124/daylily-omics-analysis/	complete	True	True	s3://lsmc-dayoa-omics-analysis-us-west-2/FSxLustre20260122T113142Z/analysis_results/ubuntu/us-west-2-again-testys-075cf0f4-20260124/daylily-omics-analysis/results/day/hg38/	4	2	2	HG003,HG004	RX1	ILMN,NOVASEQX	E1,EX1	2026-01-24T07:38:39+00:00	2026-01-24T07:38:39+00:00	1	0	snakemake --profile=/fsx/analysis_results/ubuntu/us-west-2-again-testys-075cf0f4-20260124/daylily-omics-analysis/config/day_profiles/slurm -p help	help		/fsx/analysis_results/ubuntu/us-west-2-again-testys-075cf0f4-20260124/daylily-omics-analysis/config/day_profiles/slurm		300.539	1	help	none
FSxLustre20260122T113142Z	2026-01	usw-2-ks-a10d2d22-20260123	s3://lsmc-dayoa-omics-analysis-us-west-2/FSxLustre20260122T113142Z/analysis_results/ubuntu/usw-2-ks-a10d2d22-20260123/daylily-omics-analysis/	complete	True	True	s3://lsmc-dayoa-omics-analysis-us-west-2/FSxLustre20260122T113142Z/analysis_results/ubuntu/usw-2-ks-a10d2d22-20260123/daylily-omics-analysis/results/day/hg38/	1064	1	1	HG003	RU1	ILMN,NOVASEQX	E1	2026-01-23T13:39:28+00:00	2026-01-23T13:39:28+00:00	1	0	snakemake --profile=/fsx/analysis_results/ubuntu/usw-2-ks-a10d2d22-20260123/daylily-omics-analysis/config/day_profiles/slurm produce_snv_concordances produce_multiqc_final_wgs produce_alignstats produce_tiddit produce_manta -p -k -j 200 --config aligners=[bwa2a] dedupers=[dppl] snv_callers=[deep19] sv_callers=[tiddit,manta]	produce_snv_concordances,produce_multiqc_final_wgs,produce_alignstats,produce_tiddit,produce_manta		/fsx/analysis_results/ubuntu/usw-2-ks-a10d2d22-20260123/daylily-omics-analysis/config/day_profiles/slurm	200	2486.146	22	prep_for_concordance_check,calc_coverage_evenness,manta,deepvariant_19,mosdepth,picard_cram,qualimap,alignstats,tiddit,bwa_mem2_sort	none
FSxLustre20260122T113142Z	2026-01	usw-test-from-eu-bucket-514373d2-20260123	s3://lsmc-dayoa-omics-analysis-us-west-2/FSxLustre20260122T113142Z/analysis_results/ubuntu/usw-test-from-eu-bucket-514373d2-20260123/daylily-omics-analysis/	complete	True	True	s3://lsmc-dayoa-omics-analysis-us-west-2/FSxLustre20260122T113142Z/analysis_results/ubuntu/usw-test-from-eu-bucket-514373d2-20260123/daylily-omics-analysis/results/day/hg38/	4	1	1	HG001	RU1	ILMN,NOVASEQX	E1	2026-01-23T14:38:06+00:00	2026-01-23T14:38:06+00:00	1	0	snakemake --profile=/fsx/analysis_results/ubuntu/usw-test-from-eu-bucket-514373d2-20260123/daylily-omics-analysis/config/day_profiles/slurm -p help	help		/fsx/analysis_results/ubuntu/usw-test-from-eu-bucket-514373d2-20260123/daylily-omics-analysis/config/day_profiles/slurm		390.633	1	help	none
FSxLustre20260122T113142Z	2026-01	usw2b-fe87d679-20260123	s3://lsmc-dayoa-omics-analysis-us-west-2/FSxLustre20260122T113142Z/analysis_results/ubuntu/usw2b-fe87d679-20260123/daylily-omics-analysis/	complete	True	True	s3://lsmc-dayoa-omics-analysis-us-west-2/FSxLustre20260122T113142Z/analysis_results/ubuntu/usw2b-fe87d679-20260123/daylily-omics-analysis/results/day/hg38/	4	1	1	HG002	RU2	ILMN,NOVASEQX	EX2	2026-01-23T10:07:14+00:00	2026-01-23T10:07:14+00:00	1	0	snakemake --profile=/fsx/analysis_results/ubuntu/usw2b-fe87d679-20260123/daylily-omics-analysis/config/day_profiles/slurm -p help	help		/fsx/analysis_results/ubuntu/usw2b-fe87d679-20260123/daylily-omics-analysis/config/day_profiles/slurm		350.587	1	help	none
FSxLustre20260122T113142Z	2026-01	wbbbbbbbbabb-ec2af8b7-20260123	s3://lsmc-dayoa-omics-analysis-us-west-2/FSxLustre20260122T113142Z/analysis_results/ubuntu/wbbbbbbbbabb-ec2af8b7-20260123/daylily-omics-analysis/	complete	True	True	s3://lsmc-dayoa-omics-analysis-us-west-2/FSxLustre20260122T113142Z/analysis_results/ubuntu/wbbbbbbbbabb-ec2af8b7-20260123/daylily-omics-analysis/results/day/hg38/	4	1	1	HG002	RU9	ILMN,NOVASEQX	EX9	2026-01-23T11:33:00+00:00	2026-01-23T11:33:00+00:00	1	0	snakemake --profile=/fsx/analysis_results/ubuntu/wbbbbbbbbabb-ec2af8b7-20260123/daylily-omics-analysis/config/day_profiles/slurm -p help	help		/fsx/analysis_results/ubuntu/wbbbbbbbbabb-ec2af8b7-20260123/daylily-omics-analysis/config/day_profiles/slurm		370.625	1	help	none
FSxLustre20260122T113142Z	2026-01	weeeej-1b4203af-20260123	s3://lsmc-dayoa-omics-analysis-us-west-2/FSxLustre20260122T113142Z/analysis_results/ubuntu/weeeej-1b4203af-20260123/daylily-omics-analysis/	complete	True	True	s3://lsmc-dayoa-omics-analysis-us-west-2/FSxLustre20260122T113142Z/analysis_results/ubuntu/weeeej-1b4203af-20260123/daylily-omics-analysis/results/day/hg38/	4	1	1	HG003	RU776	ILMN,NOVASEQX	EX8888	2026-01-23T01:34:01+00:00	2026-01-23T01:34:01+00:00	1	0	snakemake --profile=/fsx/analysis_results/ubuntu/weeeej-1b4203af-20260123/daylily-omics-analysis/config/day_profiles/slurm -p help	help		/fsx/analysis_results/ubuntu/weeeej-1b4203af-20260123/daylily-omics-analysis/config/day_profiles/slurm		390.64	1	help	none
FSxLustre20260122T113142Z	2026-01	wgs-again-c1ec636e-20260126	s3://lsmc-dayoa-omics-analysis-us-west-2/FSxLustre20260122T113142Z/analysis_results/ubuntu/wgs-again-c1ec636e-20260126/daylily-omics-analysis/	complete	True	True	s3://lsmc-dayoa-omics-analysis-us-west-2/FSxLustre20260122T113142Z/analysis_results/ubuntu/wgs-again-c1ec636e-20260126/daylily-omics-analysis/results/day/hg38/	2055	2	2	HG003,HG004	RX1	ILMN,NOVASEQX	E1,EX1	2026-01-26T12:47:41+00:00	2026-01-26T12:47:41+00:00	1	0	snakemake --profile=/fsx/analysis_results/ubuntu/wgs-again-c1ec636e-20260126/daylily-omics-analysis/config/day_profiles/slurm produce_snv_concordances produce_multiqc_final_wgs produce_alignstats produce_tiddit produce_manta -p -k -j 200 --config aligners=[bwa2a] dedupers=[dppl] snv_callers=[deep19] sv_callers=[tiddit,manta]	produce_snv_concordances,produce_multiqc_final_wgs,produce_alignstats,produce_tiddit,produce_manta		/fsx/analysis_results/ubuntu/wgs-again-c1ec636e-20260126/daylily-omics-analysis/config/day_profiles/slurm	200	2482.241	22	prep_for_concordance_check,calc_coverage_evenness,deepvariant_19,manta,mosdepth,gen_samstats,tiddit,alignstats,goleft,bwa_mem2_sort	none
FSxLustre20260211T122354Z	2026-02	cmr-hio-cli-20260218-163021	s3://lsmc-dayoa-omics-analysis-us-west-2/FSxLustre20260211T122354Z/analysis_results/ubuntu/cmr-hio-cli-20260218-163021/daylily-omics-analysis/	complete	True	True	s3://lsmc-dayoa-omics-analysis-us-west-2/FSxLustre20260211T122354Z/analysis_results/ubuntu/cmr-hio-cli-20260218-163021/daylily-omics-analysis/results/day/hg38/	1999	1	3	HG003	HIOa	ILMN,NOVASEQ	SR20x-ONT10x,SR3x-ONT3x,SR5x-ONT10x	2026-02-18T16:35:07+00:00	2026-02-18T16:35:07+00:00	1	0	snakemake --profile=/fsx/analysis_results/ubuntu/cmr-hio-cli-20260218-163021/daylily-omics-analysis/config/day_profiles/slurm produce_sentdhio_vcf produce_alignstats produce_snv_concordances -p -j 3 -k -T 1	produce_sentdhio_vcf,produce_alignstats,produce_snv_concordances,1		/fsx/analysis_results/ubuntu/cmr-hio-cli-20260218-163021/daylily-omics-analysis/config/day_profiles/slurm	3	34142.632	6	sentdhio_snv,prep_for_concordance_check,pre_prep_ont_cram,sentdhio_concat_index_chunks,alignstats,no_dedup_cram	none
FSxLustre20260211T122354Z	2026-02	cmr-hiom-mod-20260218-163021	s3://lsmc-dayoa-omics-analysis-us-west-2/FSxLustre20260211T122354Z/analysis_results/ubuntu/cmr-hiom-mod-20260218-163021/daylily-omics-analysis/	complete	True	True	s3://lsmc-dayoa-omics-analysis-us-west-2/FSxLustre20260211T122354Z/analysis_results/ubuntu/cmr-hiom-mod-20260218-163021/daylily-omics-analysis/results/day/hg38_broad/	1473	1	2	HG003	HIOa	ILMN,NOVASEQ	SR1x-ONT1x,SR3x-ONT1x	2026-02-18T16:35:07+00:00	2026-02-19T13:50:39+00:00	22	7	snakemake --profile=/fsx/analysis_results/ubuntu/cmr-hiom-mod-20260218-163021/daylily-omics-analysis/config/day_profiles/slurm produce_snv_concordances produce_alignstats produce_sentdhiom_vcf -p -j 20 -k	produce_snv_concordances,produce_alignstats,produce_sentdhiom_vcf		/fsx/analysis_results/ubuntu/cmr-hiom-mod-20260218-163021/daylily-omics-analysis/config/day_profiles/slurm	20	2245.534	5	prep_for_concordance_check,sentdhiom_transfer,sentdhiom_final_norm,sentdhiom_model_apply,sentdhiom_concat_index_chunks	none
FSxLustre20260211T122354Z	2026-02	cmr-huo-cli-20260218-163021	s3://lsmc-dayoa-omics-analysis-us-west-2/FSxLustre20260211T122354Z/analysis_results/ubuntu/cmr-huo-cli-20260218-163021/daylily-omics-analysis/	complete	True	True	s3://lsmc-dayoa-omics-analysis-us-west-2/FSxLustre20260211T122354Z/analysis_results/ubuntu/cmr-huo-cli-20260218-163021/daylily-omics-analysis/results/day/hg38_broad/	223	1	3	HG003	HUOa	UG,ULTIMA	SR20x-ONT10x,SR3x-ONT3x,SR5x-ONT10x	2026-02-18T16:35:07+00:00	2026-02-18T16:35:07+00:00	1	0	snakemake --profile=/fsx/analysis_results/ubuntu/cmr-huo-cli-20260218-163021/daylily-omics-analysis/config/day_profiles/slurm produce_sentdhuo_vcf produce_alignstats produce_snv_concordances -p -j 3 -k -T 1	produce_sentdhuo_vcf,produce_alignstats,produce_snv_concordances,1		/fsx/analysis_results/ubuntu/cmr-huo-cli-20260218-163021/daylily-omics-analysis/config/day_profiles/slurm	3	31958.735	8	sentdhuo_snv,alignstats,pre_prep_ultima_cram,pre_prep_ont_cram,sentdhuo_sort_index_chunk_vcf,sentdhuo_concat_index_chunks,prep_for_concordance_check,no_dedup_cram	none
FSxLustre20260211T122354Z	2026-02	cmr-huom-mod-20260218-163021	s3://lsmc-dayoa-omics-analysis-us-west-2/FSxLustre20260211T122354Z/analysis_results/ubuntu/cmr-huom-mod-20260218-163021/daylily-omics-analysis/	partial_results	True	False	s3://lsmc-dayoa-omics-analysis-us-west-2/FSxLustre20260211T122354Z/analysis_results/ubuntu/cmr-huom-mod-20260218-163021/daylily-omics-analysis/results/day/hg38_broad/	290	1	3	HG003	HUOa	UG,ULTIMA	SR20x-ONT10x,SR3x-ONT3x,SR5x-ONT10x	2026-02-18T16:35:07+00:00	2026-02-18T21:31:14+00:00	2	0	snakemake --profile=/fsx/analysis_results/ubuntu/cmr-huom-mod-20260218-163021/daylily-omics-analysis/config/day_profiles/slurm produce_sentdhuom_vcf produce_alignstats produce_snv_concordances -p -j 20 -k -T 1	produce_sentdhuom_vcf,produce_alignstats,produce_snv_concordances,1		/fsx/analysis_results/ubuntu/cmr-huom-mod-20260218-163021/daylily-omics-analysis/config/day_profiles/slurm	20		0		none
FSxLustre20260211T122354Z	2026-02	cmr-ilmn-3x-20260218-163021	s3://lsmc-dayoa-omics-analysis-us-west-2/FSxLustre20260211T122354Z/analysis_results/ubuntu/cmr-ilmn-3x-20260218-163021/daylily-omics-analysis/	complete	True	True	s3://lsmc-dayoa-omics-analysis-us-west-2/FSxLustre20260211T122354Z/analysis_results/ubuntu/cmr-ilmn-3x-20260218-163021/daylily-omics-analysis/results/day/hg38/	677	1	1	HG003	R0	ILMN,NOVASEQ	3x	2026-02-18T16:34:54+00:00	2026-02-18T16:34:54+00:00	1	0	snakemake --profile=/fsx/analysis_results/ubuntu/cmr-ilmn-3x-20260218-163021/daylily-omics-analysis/config/day_profiles/slurm produce_snv_concordances produce_sentieon_bwa_sort_bam produce_sentD_vcf dedup_doppelmark produce_alignstats -p -j 20 -k -T 1	produce_snv_concordances,produce_sentieon_bwa_sort_bam,produce_sentD_vcf,dedup_doppelmark,produce_alignstats,1		/fsx/analysis_results/ubuntu/cmr-ilmn-3x-20260218-163021/daylily-omics-analysis/config/day_profiles/slurm	20	3304.849	7	prep_for_concordance_check,sentieon_bwa_sort,sent_DNAscope,alignstats,doppelmark_dups,sentD_sort_index_chunk_vcf,sentD_concat_index_chunks	none
FSxLustre20260211T122354Z	2026-02	cmr-ont-3x-20260218-163021	s3://lsmc-dayoa-omics-analysis-us-west-2/FSxLustre20260211T122354Z/analysis_results/ubuntu/cmr-ont-3x-20260218-163021/daylily-omics-analysis/	complete	True	True	s3://lsmc-dayoa-omics-analysis-us-west-2/FSxLustre20260211T122354Z/analysis_results/ubuntu/cmr-ont-3x-20260218-163021/daylily-omics-analysis/results/day/hg38/	665	1	1	HG003	R0	ONT,PROMETHION	3x	2026-02-18T16:34:53+00:00	2026-02-18T16:34:53+00:00	1	0	snakemake --profile=/fsx/analysis_results/ubuntu/cmr-ont-3x-20260218-163021/daylily-omics-analysis/config/day_profiles/slurm produce_sentdont_vcf produce_alignstats produce_snv_concordances -p -j 20 -k -T 1	produce_sentdont_vcf,produce_alignstats,produce_snv_concordances,1		/fsx/analysis_results/ubuntu/cmr-ont-3x-20260218-163021/daylily-omics-analysis/config/day_profiles/slurm	20	3366.37	5	prep_for_concordance_check,sent_snv_ont,pre_prep_ont_cram,alignstats,no_dedup_cram	none
FSxLustre20260211T122354Z	2026-02	cmr-pb-3x-20260218-163021	s3://lsmc-dayoa-omics-analysis-us-west-2/FSxLustre20260211T122354Z/analysis_results/ubuntu/cmr-pb-3x-20260218-163021/daylily-omics-analysis/	complete	True	True	s3://lsmc-dayoa-omics-analysis-us-west-2/FSxLustre20260211T122354Z/analysis_results/ubuntu/cmr-pb-3x-20260218-163021/daylily-omics-analysis/results/day/hg38/	665	1	1	HG003	R0	PACBIO,REVIO	3x	2026-02-18T16:34:53+00:00	2026-02-18T16:34:53+00:00	1	0	snakemake --profile=/fsx/analysis_results/ubuntu/cmr-pb-3x-20260218-163021/daylily-omics-analysis/config/day_profiles/slurm produce_sentdpb_vcf produce_alignstats produce_snv_concordances -p -j 20 -k -T 1	produce_sentdpb_vcf,produce_alignstats,produce_snv_concordances,1		/fsx/analysis_results/ubuntu/cmr-pb-3x-20260218-163021/daylily-omics-analysis/config/day_profiles/slurm	20	4378.158	5	prep_for_concordance_check,sent_snv_pacbio,sentmm2_align_sort,alignstats,no_dedup_cram	none
FSxLustre20260211T122354Z	2026-02	cmr-roche-3x-20260218-163021	s3://lsmc-dayoa-omics-analysis-us-west-2/FSxLustre20260211T122354Z/analysis_results/ubuntu/cmr-roche-3x-20260218-163021/daylily-omics-analysis/	partial_results	True	False	s3://lsmc-dayoa-omics-analysis-us-west-2/FSxLustre20260211T122354Z/analysis_results/ubuntu/cmr-roche-3x-20260218-163021/daylily-omics-analysis/results/day/hg38/	142	1	1	HG003	R0	ROCHE,SBX-DUPLEX	3x	2026-02-18T16:34:53+00:00	2026-02-18T20:44:18+00:00	2	0	snakemake --profile=/fsx/analysis_results/ubuntu/cmr-roche-3x-20260218-163021/daylily-omics-analysis/config/day_profiles/slurm produce_deep19_r_vcf produce_alignstats produce_snv_concordances -p -j 6 -k -T 3	produce_deep19_r_vcf,produce_alignstats,produce_snv_concordances,3		/fsx/analysis_results/ubuntu/cmr-roche-3x-20260218-163021/daylily-omics-analysis/config/day_profiles/slurm	6		0		none
FSxLustre20260211T122354Z	2026-02	cmr-ug-3x-20260218-163021	s3://lsmc-dayoa-omics-analysis-us-west-2/FSxLustre20260211T122354Z/analysis_results/ubuntu/cmr-ug-3x-20260218-163021/daylily-omics-analysis/	complete	True	True	s3://lsmc-dayoa-omics-analysis-us-west-2/FSxLustre20260211T122354Z/analysis_results/ubuntu/cmr-ug-3x-20260218-163021/daylily-omics-analysis/results/day/hg38_broad/	673	1	1	HG003	R0	UG,ULTIMA	3x	2026-02-18T16:34:54+00:00	2026-02-18T16:34:54+00:00	1	0	snakemake --profile=/fsx/analysis_results/ubuntu/cmr-ug-3x-20260218-163021/daylily-omics-analysis/config/day_profiles/slurm produce_sentdug_vcf produce_alignstats produce_snv_concordances -p -j 20 -k -T 1	produce_sentdug_vcf,produce_alignstats,produce_snv_concordances,1		/fsx/analysis_results/ubuntu/cmr-ug-3x-20260218-163021/daylily-omics-analysis/config/day_profiles/slurm	20	2796.002	7	prep_for_concordance_check,sent_snv_ug,pre_prep_ultima_cram,alignstats,sentdug_sort_index_chunk_vcf,sentdug_concat_index_chunks,no_dedup_cram	none
FSxLustre20260211T122354Z	2026-02	gatk-fullon	s3://lsmc-dayoa-omics-analysis-us-west-2/FSxLustre20260211T122354Z/analysis_results/ubuntu/gatk-fullon/daylily-omics-analysis/	complete	True	True	s3://lsmc-dayoa-omics-analysis-us-west-2/FSxLustre20260211T122354Z/analysis_results/ubuntu/gatk-fullon/daylily-omics-analysis/results/day/hg38/	6131	1	9	HG003	I2	ILMN,NOVASEQ	10x,15x,1x,20x,30x,3x,40x,5x,7x	2026-02-20T13:10:07+00:00	2026-02-20T17:29:00+00:00	55	51	snakemake --profile=/fsx/analysis_results/ubuntu/gatk-fullon/daylily-omics-analysis/config/day_profiles/slurm produce_snv_concordances --config aligners=[sent] snv_callers=[gatk] dedupers=[dmd] -p -j 10 -k --forcerun prep_for_concordance_check	produce_snv_concordances,prep_for_concordance_check		/fsx/analysis_results/ubuntu/gatk-fullon/daylily-omics-analysis/config/day_profiles/slurm	10	2556.306	1	prep_for_concordance_check	none
FSxLustre20260211T122354Z	2026-02	gatk-new	s3://lsmc-dayoa-omics-analysis-us-west-2/FSxLustre20260211T122354Z/analysis_results/ubuntu/gatk-new/daylily-omics-analysis/	complete	True	True	s3://lsmc-dayoa-omics-analysis-us-west-2/FSxLustre20260211T122354Z/analysis_results/ubuntu/gatk-new/daylily-omics-analysis/results/day/hg38/	1327	1	2	HG003	I2	ILMN,NOVASEQ	15x,5x	2026-02-20T11:19:37+00:00	2026-02-20T16:31:53+00:00	13	10	snakemake --profile=/fsx/analysis_results/ubuntu/gatk-new/daylily-omics-analysis/config/day_profiles/slurm produce_snv_concordances produce_alignstats produce_sentieon_gatk_vcf -p -k -j 2 --config aligners=[bwa2a] dedupers=[dppl] snv_callers=[gatk]	produce_snv_concordances,produce_alignstats,produce_sentieon_gatk_vcf		/fsx/analysis_results/ubuntu/gatk-new/daylily-omics-analysis/config/day_profiles/slurm	2	4799.64	6	prep_for_concordance_check,bwa_mem2_sort,alignstats,doppelmark_dups,sentieon_gatk_snv,sentieon_gatk_bsqr	none
FSxLustre20260211T122354Z	2026-02	hiom-fix-20260218-170215	s3://lsmc-dayoa-omics-analysis-us-west-2/FSxLustre20260211T122354Z/analysis_results/ubuntu/hiom-fix-20260218-170215/daylily-omics-analysis/	metadata_missing	False	False		0	0	0							0	0							0		missing metadata: day_cmd.log,config/samples.tsv,config/units.tsv
FSxLustre20260211T122354Z	2026-02	hiom-fresh-20260219-010502	s3://lsmc-dayoa-omics-analysis-us-west-2/FSxLustre20260211T122354Z/analysis_results/ubuntu/hiom-fresh-20260219-010502/daylily-omics-analysis/	metadata_missing	False	False		0	0	0							0	0							0		missing metadata: day_cmd.log,config/samples.tsv,config/units.tsv
FSxLustre20260211T122354Z	2026-02	hiom-fresh-20260219-010532	s3://lsmc-dayoa-omics-analysis-us-west-2/FSxLustre20260211T122354Z/analysis_results/ubuntu/hiom-fresh-20260219-010532/daylily-omics-analysis/	partial_results	True	False	s3://lsmc-dayoa-omics-analysis-us-west-2/FSxLustre20260211T122354Z/analysis_results/ubuntu/hiom-fresh-20260219-010532/daylily-omics-analysis/results/day/hg38/	261	1	3	HG003	HIOa	ILMN,NOVASEQ	SR20x-ONT10x,SR3x-ONT3x,SR5x-ONT10x	2026-02-19T01:06:24+00:00	2026-02-19T01:06:24+00:00	1	0	snakemake --profile=/fsx/analysis_results/ubuntu/hiom-fresh-20260219-010532/daylily-omics-analysis/config/day_profiles/slurm produce_sentdhiom_vcf produce_alignstats produce_snv_concordances -p -j 20 -k -T 1	produce_sentdhiom_vcf,produce_alignstats,produce_snv_concordances,1		/fsx/analysis_results/ubuntu/hiom-fresh-20260219-010532/daylily-omics-analysis/config/day_profiles/slurm	20		0		none
FSxLustre20260211T122354Z	2026-02	hiom-fresh2-20260218-192859	s3://lsmc-dayoa-omics-analysis-us-west-2/FSxLustre20260211T122354Z/analysis_results/ubuntu/hiom-fresh2-20260218-192859/daylily-omics-analysis/	partial_results	True	False	s3://lsmc-dayoa-omics-analysis-us-west-2/FSxLustre20260211T122354Z/analysis_results/ubuntu/hiom-fresh2-20260218-192859/daylily-omics-analysis/results/day/hg38/	844	1	3	HG003	HIOa	ILMN,NOVASEQ	SR20x-ONT10x,SR3x-ONT3x,SR5x-ONT10x	2026-02-19T03:29:59+00:00	2026-02-19T03:29:59+00:00	1	0	snakemake --profile=/fsx/analysis_results/ubuntu/hiom-fresh2-20260218-192859/daylily-omics-analysis/config/day_profiles/slurm produce_sentdhiom_vcf produce_alignstats produce_snv_concordances -p -j 20 -k -T 1	produce_sentdhiom_vcf,produce_alignstats,produce_snv_concordances,1		/fsx/analysis_results/ubuntu/hiom-fresh2-20260218-192859/daylily-omics-analysis/config/day_profiles/slurm	20		0		none
FSxLustre20260211T122354Z	2026-02	hiom-jem-a	s3://lsmc-dayoa-omics-analysis-us-west-2/FSxLustre20260211T122354Z/analysis_results/ubuntu/hiom-jem-a/daylily-omics-analysis/	complete	True	True	s3://lsmc-dayoa-omics-analysis-us-west-2/FSxLustre20260211T122354Z/analysis_results/ubuntu/hiom-jem-a/daylily-omics-analysis/results/day/hg38/	1473	1	2	HG003	HIOa	ILMN,NOVASEQ	SR1x-ONT1x,SR3x-ONT1x	2026-02-19T05:33:19+00:00	2026-02-19T13:58:49+00:00	16	8	snakemake --profile=/fsx/analysis_results/ubuntu/hiom-jem-a/daylily-omics-analysis/config/day_profiles/slurm produce_sentdhiom_vcf produce_alignstats produce_snv_concordances -p -k -j 20 --rerun-triggers mtime	produce_sentdhiom_vcf,produce_alignstats,produce_snv_concordances,mtime		/fsx/analysis_results/ubuntu/hiom-jem-a/daylily-omics-analysis/config/day_profiles/slurm	20	1844.613	5	prep_for_concordance_check,sentdhiom_transfer,sentdhiom_final_norm,sentdhiom_model_apply,sentdhiom_concat_index_chunks	none
FSxLustre20260211T122354Z	2026-02	hiom-std-20260220-143459	s3://lsmc-dayoa-omics-analysis-us-west-2/FSxLustre20260211T122354Z/analysis_results/ubuntu/hiom-std-20260220-143459/daylily-omics-analysis/	partial_results	True	False	s3://lsmc-dayoa-omics-analysis-us-west-2/FSxLustre20260211T122354Z/analysis_results/ubuntu/hiom-std-20260220-143459/daylily-omics-analysis/results/day/hg38_broad/	85	1	1	HG003	HIOa	ILMN,NOVASEQ	SR3x-ONT1x	2026-02-20T22:37:38+00:00	2026-02-20T22:41:14+00:00	3	2	snakemake --profile=/fsx/analysis_results/ubuntu/hiom-std-20260220-143459/daylily-omics-analysis/config/day_profiles/slurm produce_sentdhiom_vcf -p -k -j 20	produce_sentdhiom_vcf		/fsx/analysis_results/ubuntu/hiom-std-20260220-143459/daylily-omics-analysis/config/day_profiles/slurm	20		0		none
FSxLustre20260211T122354Z	2026-02	hiom-sv-20260218215258	s3://lsmc-dayoa-omics-analysis-us-west-2/FSxLustre20260211T122354Z/analysis_results/ubuntu/hiom-sv-20260218215258/daylily-omics-analysis/	complete	True	True	s3://lsmc-dayoa-omics-analysis-us-west-2/FSxLustre20260211T122354Z/analysis_results/ubuntu/hiom-sv-20260218215258/daylily-omics-analysis/results/day/hg38/,s3://lsmc-dayoa-omics-analysis-us-west-2/FSxLustre20260211T122354Z/analysis_results/ubuntu/hiom-sv-20260218215258/daylily-omics-analysis/results/day/hg38_broad/	81	1	2	HG003	HIOa	ILMN,NOVASEQ	SR1x-ONT1x,SR3x-ONT1x	2026-02-19T05:57:13+00:00	2026-02-19T11:12:30+00:00	8	4	snakemake --profile=/fsx/analysis_results/ubuntu/hiom-sv-20260218215258/daylily-omics-analysis/config/day_profiles/local produce_snv_concordances produce_sentdhiom_vcf produce_alignstats -p -k -j 20	produce_snv_concordances,produce_sentdhiom_vcf,produce_alignstats		/fsx/analysis_results/ubuntu/hiom-sv-20260218215258/daylily-omics-analysis/config/day_profiles/local	20	12984.978	20	sentdhiom_transfer,prep_for_concordance_check,sentdhiom_stage1,sentdhiom_stage2,sentdhiom_anno,sentdhiom_sr_align,sentdhiom_stage3,sentdhiom_call_svs,pre_prep_ont_cram,sentdhiom_pass2	none
FSxLustre20260211T122354Z	2026-02	hiom_ref_chr21_20260220	s3://lsmc-dayoa-omics-analysis-us-west-2/FSxLustre20260211T122354Z/analysis_results/ubuntu/hiom_ref_chr21_20260220/daylily-omics-analysis/	partial_results	True	False	s3://lsmc-dayoa-omics-analysis-us-west-2/FSxLustre20260211T122354Z/analysis_results/ubuntu/hiom_ref_chr21_20260220/daylily-omics-analysis/results/day/hg38_broad/	145	1	1	HG003	HIOa	ILMN,NOVASEQ	SR3x-ONT1x	2026-02-20T05:29:43+00:00	2026-02-20T14:35:13+00:00	11	0	snakemake --profile=/fsx/analysis_results/ubuntu/hiom_ref_chr21_20260220/daylily-omics-analysis/config/day_profiles/slurm produce_sentdhiomr_vcf -p -k -j 2 -T 1	produce_sentdhiomr_vcf,1		/fsx/analysis_results/ubuntu/hiom_ref_chr21_20260220/daylily-omics-analysis/config/day_profiles/slurm	2		0		none
FSxLustre20260211T122354Z	2026-02	hiom_std_chr21_20260220_052436	s3://lsmc-dayoa-omics-analysis-us-west-2/FSxLustre20260211T122354Z/analysis_results/ubuntu/hiom_std_chr21_20260220_052436/daylily-omics-analysis/	partial_results	True	False	s3://lsmc-dayoa-omics-analysis-us-west-2/FSxLustre20260211T122354Z/analysis_results/ubuntu/hiom_std_chr21_20260220_052436/daylily-omics-analysis/results/day/hg38_broad/	112	1	1	HG003	HIOa	ILMN,NOVASEQ	SR3x-ONT1x	2026-02-20T05:29:19+00:00	2026-02-20T14:35:13+00:00	11	0	snakemake --profile=/fsx/analysis_results/ubuntu/hiom_std_chr21_20260220_052436/daylily-omics-analysis/config/day_profiles/slurm produce_sentdhiom_vcf -p -k -j 2 -T 1	produce_sentdhiom_vcf,1		/fsx/analysis_results/ubuntu/hiom_std_chr21_20260220_052436/daylily-omics-analysis/config/day_profiles/slurm	2		0		none
FSxLustre20260211T122354Z	2026-02	hiomr-ref-20260220-143519	s3://lsmc-dayoa-omics-analysis-us-west-2/FSxLustre20260211T122354Z/analysis_results/ubuntu/hiomr-ref-20260220-143519/daylily-omics-analysis/	complete	True	True	s3://lsmc-dayoa-omics-analysis-us-west-2/FSxLustre20260211T122354Z/analysis_results/ubuntu/hiomr-ref-20260220-143519/daylily-omics-analysis/results/day/hg38_broad/	106	1	1	HG003	HIOa	ILMN,NOVASEQ	SR3x-ONT1x	2026-02-20T22:40:27+00:00	2026-02-20T22:41:17+00:00	2	1	snakemake --profile=/fsx/analysis_results/ubuntu/hiomr-ref-20260220-143519/daylily-omics-analysis/config/day_profiles/slurm produce_sentdhiomr_vcf -p -k -j 20	produce_sentdhiomr_vcf		/fsx/analysis_results/ubuntu/hiomr-ref-20260220-143519/daylily-omics-analysis/config/day_profiles/slurm	20	2665.148	19	sentdhiomr_sr_align,sentdhiomr_transfer,pre_prep_ont_cram,sentdhiomr_stage1,sentdhiomr_stage3,sentdhiomr_anno,sentdhiomr_stage2,sentdhiomr_pass2,sentdhiomr_pass1,sentdhiomr_hybrid_select	none
FSxLustre20260211T122354Z	2026-02	huom-sv-20260218215258	s3://lsmc-dayoa-omics-analysis-us-west-2/FSxLustre20260211T122354Z/analysis_results/ubuntu/huom-sv-20260218215258/daylily-omics-analysis/	complete	True	True	s3://lsmc-dayoa-omics-analysis-us-west-2/FSxLustre20260211T122354Z/analysis_results/ubuntu/huom-sv-20260218215258/daylily-omics-analysis/results/day/hg38_broad/	226	1	3	HG003	HUOa	UG,ULTIMA	SR20x-ONT10x,SR3x-ONT3x,SR5x-ONT10x	2026-02-19T05:57:16+00:00	2026-02-19T05:57:16+00:00	1	0	snakemake --profile=/fsx/analysis_results/ubuntu/huom-sv-20260218215258/daylily-omics-analysis/config/day_profiles/slurm produce_sentdhuom_vcf produce_sentdhuom_sv produce_snv_concordances -p -j 20 -k -T 1	produce_sentdhuom_vcf,produce_sentdhuom_sv,produce_snv_concordances,1		/fsx/analysis_results/ubuntu/huom-sv-20260218215258/daylily-omics-analysis/config/day_profiles/slurm	20	12958.109	20	sentdhuom_stage1,sentdhuom_transfer,sentdhuom_anno,sentdhuom_stage2,sentdhuom_pass1,sentdhuom_stage3,sentdhuom_pass2,sentdhuom_mapq0_bed,sentdhuom_call_svs,pre_prep_ont_cram	none
FSxLustre20260211T122354Z	2026-02	ilmn-all-20260218-192540	s3://lsmc-dayoa-omics-analysis-us-west-2/FSxLustre20260211T122354Z/analysis_results/ubuntu/ilmn-all-20260218-192540/daylily-omics-analysis/	metadata_missing	False	False		0	0	0							0	0							0		missing metadata: day_cmd.log,config/samples.tsv,config/units.tsv
FSxLustre20260211T122354Z	2026-02	ilmn-all-20260218-192605	s3://lsmc-dayoa-omics-analysis-us-west-2/FSxLustre20260211T122354Z/analysis_results/ubuntu/ilmn-all-20260218-192605/daylily-omics-analysis/	partial_results	True	False	s3://lsmc-dayoa-omics-analysis-us-west-2/FSxLustre20260211T122354Z/analysis_results/ubuntu/ilmn-all-20260218-192605/daylily-omics-analysis/results/day/hg38/	4	1	1	HG003	R0	ILMN,NOVASEQ	3x	2026-02-19T03:27:02+00:00	2026-02-19T03:27:02+00:00	1	0	snakemake --profile=/fsx/analysis_results/ubuntu/ilmn-all-20260218-192605/daylily-omics-analysis/config/day_profiles/slurm produce_snv_concordances produce_sentieon_bwa_sort_bam produce_sentD_vcf produce_bwa_mem2_sort_bam produce_deep19_vcf produce_clair3_vcf produce_oct_vcf dedup_doppelmark produce_alignstats -p -j 20 -k -T 1	produce_snv_concordances,produce_sentieon_bwa_sort_bam,produce_sentD_vcf,produce_bwa_mem2_sort_bam,produce_deep19_vcf,produce_clair3_vcf,produce_oct_vcf,dedup_doppelmark,produce_alignstats,1		/fsx/analysis_results/ubuntu/ilmn-all-20260218-192605/daylily-omics-analysis/config/day_profiles/slurm	20		0		none
FSxLustre20260211T122354Z	2026-02	ilmn-all-20260219	s3://lsmc-dayoa-omics-analysis-us-west-2/FSxLustre20260211T122354Z/analysis_results/ubuntu/ilmn-all-20260219/daylily-omics-analysis/	metadata_missing	False	False		0	0	0							0	0							0		missing metadata: day_cmd.log,config/samples.tsv,config/units.tsv
FSxLustre20260211T122354Z	2026-02	jem-huom-a	s3://lsmc-dayoa-omics-analysis-us-west-2/FSxLustre20260211T122354Z/analysis_results/ubuntu/jem-huom-a/daylily-omics-analysis/	complete	True	True	s3://lsmc-dayoa-omics-analysis-us-west-2/FSxLustre20260211T122354Z/analysis_results/ubuntu/jem-huom-a/daylily-omics-analysis/results/day/hg38_broad/	289	1	3	HG003	HUOa	UG,ULTIMA	SR20x-ONT10x,SR3x-ONT3x,SR5x-ONT10x	2026-02-19T05:35:30+00:00	2026-02-20T11:09:35+00:00	4	2	snakemake --profile=/fsx/analysis_results/ubuntu/jem-huom-a/daylily-omics-analysis/config/day_profiles/slurm produce_snv_concordances produce_alignstats produce_sentdhuom_vcf -p -k -j 12	produce_snv_concordances,produce_alignstats,produce_sentdhuom_vcf		/fsx/analysis_results/ubuntu/jem-huom-a/daylily-omics-analysis/config/day_profiles/slurm	12	12887.347	21	sentdhuom_stage1,sentdhuom_transfer,sentdhuom_anno,sentdhuom_stage2,sentdhuom_pass1,sentdhuom_stage3,sentdhuom_pass2,alignstats,sentdhuom_hybrid_select,sentdhuom_mapq0_bed	none
FSxLustre20260211T122354Z	2026-02	jem_monitoring	s3://lsmc-dayoa-omics-analysis-us-west-2/FSxLustre20260211T122354Z/analysis_results/ubuntu/jem_monitoring/daylily-omics-analysis/	metadata_missing	False	False		0	0	0							0	0							0		missing metadata: day_cmd.log,config/samples.tsv,config/units.tsv
FSxLustre20260211T122354Z	2026-02	pangenome_sr_dryrun_20260221	s3://lsmc-dayoa-omics-analysis-us-west-2/FSxLustre20260211T122354Z/analysis_results/ubuntu/pangenome_sr_dryrun_20260221/daylily-omics-analysis/	partial_results	True	False	s3://lsmc-dayoa-omics-analysis-us-west-2/FSxLustre20260211T122354Z/analysis_results/ubuntu/pangenome_sr_dryrun_20260221/daylily-omics-analysis/results/day/hg38/	17	1	1	ANA0-HG002	RIH0	ILMN,NOVASEQ	DBC0	2026-02-21T08:19:19+00:00	2026-02-21T08:19:40+00:00	2	2	snakemake --profile=/fsx/analysis_results/ubuntu/pangenome_sr_dryrun_20260221/daylily-omics-analysis/config/day_profiles/slurm produce_pangenome_sr_vcf -p -j 2 -k -T 1	produce_pangenome_sr_vcf,1		/fsx/analysis_results/ubuntu/pangenome_sr_dryrun_20260221/daylily-omics-analysis/config/day_profiles/slurm	2		0		none
FSxLustre20260211T122354Z	2026-02	qdd	s3://lsmc-dayoa-omics-analysis-us-west-2/FSxLustre20260211T122354Z/analysis_results/ubuntu/qdd/daylily-omics-analysis/	partial_results	True	False	s3://lsmc-dayoa-omics-analysis-us-west-2/FSxLustre20260211T122354Z/analysis_results/ubuntu/qdd/daylily-omics-analysis/results/day/hg38/,s3://lsmc-dayoa-omics-analysis-us-west-2/FSxLustre20260211T122354Z/analysis_results/ubuntu/qdd/daylily-omics-analysis/results/day/hg38_broad/	713	1	1	ANA0-HG002	RIH0	ILMN,NOVASEQ	DBC0	2026-02-20T18:28:03+00:00	2026-02-21T01:07:04+00:00	18	7	snakemake --profile=/fsx/analysis_results/ubuntu/qdd/daylily-omics-analysis/config/day_profiles/local produce_snv_concordances produce_sentieon_bwa_sort_bam dedup_doppelmark produce_sentD_vcf produce_alignstats -p -k -j 2	produce_snv_concordances,produce_sentieon_bwa_sort_bam,dedup_doppelmark,produce_sentD_vcf,produce_alignstats		/fsx/analysis_results/ubuntu/qdd/daylily-omics-analysis/config/day_profiles/local	2		0		none
FSxLustre20260213T142513Z	2026-02	xxx	s3://lsmc-dayoa-omics-analysis-us-west-2/FSxLustre20260213T142513Z/analysis_results/ubuntu/xxx/daylily-omics-analysis/	complete	True	True	s3://lsmc-dayoa-omics-analysis-us-west-2/FSxLustre20260213T142513Z/analysis_results/ubuntu/xxx/daylily-omics-analysis/results/day/hg38/	256	1	1	ANA0-HG002	RIH0	ILMN,NOVASEQ	DBC0	2026-02-13T15:31:25+00:00	2026-02-13T15:46:48+00:00	6	0	snakemake --profile=/fsx/analysis_results/ubuntu/xxx/daylily-omics-analysis/config/day_profiles/slurm produce_alignstats produce_snv_concordances -p --config aligners=[sent] dedupers=[dppl] snv_callers=[deep19]	produce_alignstats,produce_snv_concordances		/fsx/analysis_results/ubuntu/xxx/daylily-omics-analysis/config/day_profiles/slurm			0		none
FSxLustre20260216T130001Z	2026-02	agbt-gatk-full-9units	s3://lsmc-dayoa-omics-analysis-us-west-2/FSxLustre20260216T130001Z/analysis_results/ubuntu/agbt-gatk-full-9units/daylily-omics-analysis/	complete	True	True	s3://lsmc-dayoa-omics-analysis-us-west-2/FSxLustre20260216T130001Z/analysis_results/ubuntu/agbt-gatk-full-9units/daylily-omics-analysis/results/day/hg38_broad/	5905	1	9	HG003	I2	ILMN,NOVASEQ	10x,15x,1x,20x,30x,3x,40x,5x,7x	2026-02-19T08:36:25+00:00	2026-02-19T08:37:06+00:00	2	1	"snakemake --profile=/fsx/analysis_results/ubuntu/agbt-gatk-full-9units/daylily-omics-analysis/config/day_profiles/slurm produce_snv_concordances produce_alignstats -p -j 300 -k -T 1 --config aligners=[""sent""] dedupers=[""dppl""] snv_callers=[""gatk""]"	produce_snv_concordances,produce_alignstats,1		/fsx/analysis_results/ubuntu/agbt-gatk-full-9units/daylily-omics-analysis/config/day_profiles/slurm	300	7347.581	6	prep_for_concordance_check,sentieon_bwa_sort,alignstats,doppelmark_dups,sentieon_gatk_bsqr,sentieon_gatk_snv	none
FSxLustre20260216T130001Z	2026-02	agbt_hio_expanded	s3://lsmc-dayoa-omics-analysis-us-west-2/FSxLustre20260216T130001Z/analysis_results/ubuntu/agbt_hio_expanded/daylily-omics-analysis/	complete	True	True	s3://lsmc-dayoa-omics-analysis-us-west-2/FSxLustre20260216T130001Z/analysis_results/ubuntu/agbt_hio_expanded/daylily-omics-analysis/results/day/hg38_broad/	24723	1	25	HG003	HIOa	ILMN,NOVASEQ	SR10x-ONT20x,SR10x-ONT30x,SR10x-ONT7x,SR15x-ONT20x,SR1x-ONT20x,SR1x-ONT3x,SR1x-ONT7x,SR20x-ONT20x,SR30x-ONT15x,SR30x-ONT20x,SR3x-ONT10x,SR3x-ONT15x,SR3x-ONT20x,SR3x-ONT3x,SR3x-ONT7x,SR40x-ONT10x,SR40x-ONT20x,SR40x-ONT30x,SR5x-ONT15x,SR5x-ONT20x,SR5x-ONT3x,SR5x-ONT7x,SR7x-ONT1x,SR7x-ONT20x,SR7x-ONT7x	2026-02-18T01:45:40+00:00	2026-02-21T08:58:35+00:00	29	17	snakemake --profile=/fsx/analysis_results/ubuntu/agbt_hio_expanded/daylily-omics-analysis/config/day_profiles/slurm produce_snv_concordances -p	produce_snv_concordances		/fsx/analysis_results/ubuntu/agbt_hio_expanded/daylily-omics-analysis/config/day_profiles/slurm		0.0	0		none
FSxLustre20260216T130001Z	2026-02	agbt_ont	s3://lsmc-dayoa-omics-analysis-us-west-2/FSxLustre20260216T130001Z/analysis_results/ubuntu/agbt_ont/daylily-omics-analysis/	complete	True	True	s3://lsmc-dayoa-omics-analysis-us-west-2/FSxLustre20260216T130001Z/analysis_results/ubuntu/agbt_ont/daylily-omics-analysis/results/day/hg38/	9752	1	5	HG003	On1b	ONT,PROMETHION	15xact,20x,30x,40x,50x	2026-02-17T16:40:35+00:00	2026-02-19T22:43:31+00:00	5	2	snakemake --profile=/fsx/analysis_results/ubuntu/agbt_ont/daylily-omics-analysis/config/day_profiles/slurm produce_sentdont_vcf produce_alignstats produce_snv_concordances -p -j 20 -k -T 1	produce_sentdont_vcf,produce_alignstats,produce_snv_concordances,1		/fsx/analysis_results/ubuntu/agbt_ont/daylily-omics-analysis/config/day_profiles/slurm	20	4391.473	5	prep_for_concordance_check,sent_snv_ont,alignstats,pre_prep_ont_cram,no_dedup_cram	none
FSxLustre20260216T130001Z	2026-02	agbt_ug	s3://lsmc-dayoa-omics-analysis-us-west-2/FSxLustre20260216T130001Z/analysis_results/ubuntu/agbt_ug/daylily-omics-analysis/	complete	True	True	s3://lsmc-dayoa-omics-analysis-us-west-2/FSxLustre20260216T130001Z/analysis_results/ubuntu/agbt_ug/daylily-omics-analysis/results/day/hg38_broad/	6587	1	10	HG003	Ug1	UG,ULTIMA	10x,15x,1x,20x,30x,3x,40x,50x,5x,7x	2026-02-17T16:40:38+00:00	2026-02-17T16:42:09+00:00	2	1	snakemake --profile=/fsx/analysis_results/ubuntu/agbt_ug/daylily-omics-analysis/config/day_profiles/slurm produce_sentdug_vcf produce_alignstats produce_snv_concordances -p -j 20 -k -T 1	produce_sentdug_vcf,produce_alignstats,produce_snv_concordances,1		/fsx/analysis_results/ubuntu/agbt_ug/daylily-omics-analysis/config/day_profiles/slurm	20	5363.434	7	prep_for_concordance_check,sent_snv_ug,alignstats,pre_prep_ultima_cram,sentdug_concat_index_chunks,sentdug_sort_index_chunk_vcf,no_dedup_cram	none
FSxLustre20260216T130001Z	2026-02	debug-rtg-rerun	s3://lsmc-dayoa-omics-analysis-us-west-2/FSxLustre20260216T130001Z/analysis_results/ubuntu/debug-rtg-rerun/daylily-omics-analysis/	partial_results	True	False	s3://lsmc-dayoa-omics-analysis-us-west-2/FSxLustre20260216T130001Z/analysis_results/ubuntu/debug-rtg-rerun/daylily-omics-analysis/results/day/hg38/	701	1	1	ANA0-HG002	RIH0	ILMN,NOVASEQ	DBC0	2026-02-21T01:11:55+00:00	2026-02-21T01:12:52+00:00	2	1	snakemake --profile=/fsx/analysis_results/ubuntu/debug-rtg-rerun/daylily-omics-analysis/config/day_profiles/slurm produce_snv_concordances produce_sentieon_bwa_sort_bam dedup_doppelmark produce_sentD_vcf produce_alignstats -p -k -j 2 -T 1	produce_snv_concordances,produce_sentieon_bwa_sort_bam,dedup_doppelmark,produce_sentD_vcf,produce_alignstats,1		/fsx/analysis_results/ubuntu/debug-rtg-rerun/daylily-omics-analysis/config/day_profiles/slurm	2		0		none
FSxLustre20260216T130001Z	2026-02	fin-ont	s3://lsmc-dayoa-omics-analysis-us-west-2/FSxLustre20260216T130001Z/analysis_results/ubuntu/fin-ont/daylily-omics-analysis/	partial_results	True	False	s3://lsmc-dayoa-omics-analysis-us-west-2/FSxLustre20260216T130001Z/analysis_results/ubuntu/fin-ont/daylily-omics-analysis/results/day/hg38/,s3://lsmc-dayoa-omics-analysis-us-west-2/FSxLustre20260216T130001Z/analysis_results/ubuntu/fin-ont/daylily-omics-analysis/results/day/hg38_broad/	136	1	1	HG003	On1c	ONT,PROMETHION	30x	2026-02-20T07:49:40+00:00	2026-02-21T08:27:20+00:00	20	15	snakemake --profile=/fsx/analysis_results/ubuntu/fin-ont/daylily-omics-analysis/config/day_profiles/slurm produce_snv_concordances produce_alignstats produce_sentdont_vcf -p -k -j 10	produce_snv_concordances,produce_alignstats,produce_sentdont_vcf		/fsx/analysis_results/ubuntu/fin-ont/daylily-omics-analysis/config/day_profiles/slurm	10		0		none
FSxLustre20260216T130001Z	2026-02	hio-cli-old	s3://lsmc-dayoa-omics-analysis-us-west-2/FSxLustre20260216T130001Z/analysis_results/ubuntu/hio-cli-old/daylily-omics-analysis/	complete	True	True	s3://lsmc-dayoa-omics-analysis-us-west-2/FSxLustre20260216T130001Z/analysis_results/ubuntu/hio-cli-old/daylily-omics-analysis/results/day/hg38/	7568	1	9	HG003	On1,On1b,On1c	ONT,PROMETHION	10x,15x,15xact,20x,30x,3x,40x,7x	2026-02-20T07:55:33+00:00	2026-02-20T17:31:08+00:00	27	18	snakemake --profile=/fsx/analysis_results/ubuntu/hio-cli-old/daylily-omics-analysis/config/day_profiles/slurm produce_snv_concordances -p -T 0 -j 24 --config aligners=[sentmm2ont] dedupers=[na] snv_callers=[deep19] --rerun-triggers mtime --forcerun prep_for_concordance_check	produce_snv_concordances,0,mtime,prep_for_concordance_check		/fsx/analysis_results/ubuntu/hio-cli-old/daylily-omics-analysis/config/day_profiles/slurm	24	1794.186	1	prep_for_concordance_check	none
FSxLustre20260216T130001Z	2026-02	ilmn_multicaller_20260219	s3://lsmc-dayoa-omics-analysis-us-west-2/FSxLustre20260216T130001Z/analysis_results/ubuntu/ilmn_multicaller_20260219/daylily-omics-analysis/	complete	True	True	s3://lsmc-dayoa-omics-analysis-us-west-2/FSxLustre20260216T130001Z/analysis_results/ubuntu/ilmn_multicaller_20260219/daylily-omics-analysis/results/day/hg38/	48379	1	9	HG003	I2	ILMN,NOVASEQ	10x,15x,1x,20x,30x,3x,40x,5x,7x	2026-02-19T03:19:43+00:00	2026-02-19T22:25:52+00:00	12	8	snakemake --profile=/fsx/analysis_results/ubuntu/ilmn_multicaller_20260219/daylily-omics-analysis/config/day_profiles/slurm produce_snv_concordances -p	produce_snv_concordances		/fsx/analysis_results/ubuntu/ilmn_multicaller_20260219/daylily-omics-analysis/config/day_profiles/slurm		0.0	0		none
FSxLustre20260216T130001Z	2026-02	jem-ilmn-all-sent	s3://lsmc-dayoa-omics-analysis-us-west-2/FSxLustre20260216T130001Z/analysis_results/ubuntu/jem-ilmn-all-sent/daylily-omics-analysis/	complete	True	True	s3://lsmc-dayoa-omics-analysis-us-west-2/FSxLustre20260216T130001Z/analysis_results/ubuntu/jem-ilmn-all-sent/daylily-omics-analysis/results/day/hg38/	12944	1	8	HG003	I2	ILMN,NOVASEQ	10x,15x,1x,20x,30x,3x,40x,7x	2026-02-19T22:15:02+00:00	2026-02-20T17:54:26+00:00	19	11	snakemake --profile=/fsx/analysis_results/ubuntu/jem-ilmn-all-sent/daylily-omics-analysis/config/day_profiles/slurm produce_snv_concordances produce_alignstats produce_sentieon_bwa_sort_bam dedup_doppelmark produce_clair3_vcf produce_oct_vcf -p -k -j 50 -T 1 --rerun-triggers mtime	produce_snv_concordances,produce_alignstats,produce_sentieon_bwa_sort_bam,dedup_doppelmark,produce_clair3_vcf,produce_oct_vcf,1,mtime		/fsx/analysis_results/ubuntu/jem-ilmn-all-sent/daylily-omics-analysis/config/day_profiles/slurm	50	8952.845	11	clair3,sentieon_bwa_sort,prep_for_concordance_check,doppelmark_dups,alignstats,octopus,clair3_sort_index_chunk_vcf,oct_sort_index_chunk_vcf,clair3_concat_index_chunks,produce_clair3_vcf	none
FSxLustre20260216T130001Z	2026-02	ont_hg003_prod	s3://lsmc-dayoa-omics-analysis-us-west-2/FSxLustre20260216T130001Z/analysis_results/ubuntu/ont_hg003_prod/daylily-omics-analysis/	complete	True	True	s3://lsmc-dayoa-omics-analysis-us-west-2/FSxLustre20260216T130001Z/analysis_results/ubuntu/ont_hg003_prod/daylily-omics-analysis/results/day/hg38/	45	1	10	HG003	On1	ONT,PROMETHION	10x,15x,1x,20x,30x,3x,40x,50x,5x,7x	2026-02-17T16:18:17+00:00	2026-02-17T16:21:38+00:00	2	2	snakemake --profile=/fsx/analysis_results/ubuntu/ont_hg003_prod/daylily-omics-analysis/config/day_profiles/slurm produce_sentdont_vcf produce_alignstats produce_snv_concordances -p -j 20 -k -T 1 -n	produce_sentdont_vcf,produce_alignstats,produce_snv_concordances,1		/fsx/analysis_results/ubuntu/ont_hg003_prod/daylily-omics-analysis/config/day_profiles/slurm	20		0		none
FSxLustre20260216T130001Z	2026-02	ont_prod	s3://lsmc-dayoa-omics-analysis-us-west-2/FSxLustre20260216T130001Z/analysis_results/ubuntu/ont_prod/daylily-omics-analysis/	metadata_missing	False	False		0	1	10	HG003	On1	ONT,PROMETHION	10x,15x,1x,20x,30x,3x,40x,50x,5x,7x			0	0							0		missing metadata: day_cmd.log
FSxLustre20260216T130001Z	2026-02	pbfill	s3://lsmc-dayoa-omics-analysis-us-west-2/FSxLustre20260216T130001Z/analysis_results/ubuntu/pbfill/daylily-omics-analysis/	complete	True	True	s3://lsmc-dayoa-omics-analysis-us-west-2/FSxLustre20260216T130001Z/analysis_results/ubuntu/pbfill/daylily-omics-analysis/results/day/hg38/	665	1	1	HG003	Pb	PACBIO,REVIO	35x	2026-02-20T06:41:12+00:00	2026-02-20T06:41:57+00:00	2	1	snakemake --profile=/fsx/analysis_results/ubuntu/pbfill/daylily-omics-analysis/config/day_profiles/slurm produce_snv_concordances produce_alignstats produce_sentmm2_align_sort produce_sentdpb_vcf -p -k -j 5	produce_snv_concordances,produce_alignstats,produce_sentmm2_align_sort,produce_sentdpb_vcf		/fsx/analysis_results/ubuntu/pbfill/daylily-omics-analysis/config/day_profiles/slurm	5	7134.101	5	prep_for_concordance_check,sent_snv_pacbio,sentmm2_align_sort,alignstats,no_dedup_cram	none
FSxLustre20260216T130001Z	2026-02	readlen	s3://lsmc-dayoa-omics-analysis-us-west-2/FSxLustre20260216T130001Z/analysis_results/ubuntu/readlen/daylily-omics-analysis/	complete	True	True	s3://lsmc-dayoa-omics-analysis-us-west-2/FSxLustre20260216T130001Z/analysis_results/ubuntu/readlen/daylily-omics-analysis/results/day/hg38/	17785	1	27	HG003	Irl1	ILMN,NOVASEQ	10x-100bp,10x-150bp,10x-50bp,15x-100bp,15x-150bp,15x-50bp,1x-100bp,1x-150bp,1x-50bp,20x-100bp,20x-150bp,20x-50bp,30x-100bp,30x-150bp,30x-50bp,3x-100bp,3x-150bp,3x-50bp,40x-100bp,40x-150bp,40x-50bp,5x-100bp,5x-150bp,5x-50bp,7x-100bp,7x-150bp,7x-50bp	2026-02-20T11:47:26+00:00	2026-02-20T12:07:53+00:00	9	8	snakemake --profile=/fsx/analysis_results/ubuntu/readlen/daylily-omics-analysis/config/day_profiles/slurm produce_snv_concordances produce_alignstats produce_sentieon_bwa_sort_bam produce_sentD_vcf dedup_doppelmark -p -k -T 1 -j 40	produce_snv_concordances,produce_alignstats,produce_sentieon_bwa_sort_bam,produce_sentD_vcf,dedup_doppelmark,1		/fsx/analysis_results/ubuntu/readlen/daylily-omics-analysis/config/day_profiles/slurm	40	6326.048	7	prep_for_concordance_check,sentieon_bwa_sort,alignstats,doppelmark_dups,sent_DNAscope,sentD_sort_index_chunk_vcf,sentD_concat_index_chunks	none
FSxLustre20260216T130001Z	2026-02	roche_filler	s3://lsmc-dayoa-omics-analysis-us-west-2/FSxLustre20260216T130001Z/analysis_results/ubuntu/roche_filler/daylily-omics-analysis/	complete	True	True	s3://lsmc-dayoa-omics-analysis-us-west-2/FSxLustre20260216T130001Z/analysis_results/ubuntu/roche_filler/daylily-omics-analysis/results/day/hg38/	2134	1	1	HG003	RH1	ROCHE,SBX-DUPLEX	35xa	2026-02-20T06:12:36+00:00	2026-02-20T21:59:33+00:00	15	9	snakemake --profile=/fsx/analysis_results/ubuntu/roche_filler/daylily-omics-analysis/config/day_profiles/slurm produce_snv_concordances produce_alignstats produce_deep19_r_vcf -p -k -j 12 --rerun-triggers mtime --rerun-incomplete	produce_snv_concordances,produce_alignstats,produce_deep19_r_vcf,mtime		/fsx/analysis_results/ubuntu/roche_filler/daylily-omics-analysis/config/day_profiles/slurm	12	8281.138	5	deepvariant_19_r,prep_for_concordance_check,deep19_r_sort_index_chunk_vcf,deep19_r_concat_index_chunks,deep19_r_concat_fofn	none
FSxLustre20260216T130001Z	2026-02	rtgtest	s3://lsmc-dayoa-omics-analysis-us-west-2/FSxLustre20260216T130001Z/analysis_results/ubuntu/rtgtest/daylily-omics-analysis/	metadata_missing	False	False		0	0	0							0	0							0		missing metadata: day_cmd.log,config/samples.tsv,config/units.tsv
FSxLustre20260216T130001Z	2026-02	single	s3://lsmc-dayoa-omics-analysis-us-west-2/FSxLustre20260216T130001Z/analysis_results/ubuntu/single/daylily-omics-analysis/	complete	True	True	s3://lsmc-dayoa-omics-analysis-us-west-2/FSxLustre20260216T130001Z/analysis_results/ubuntu/single/daylily-omics-analysis/results/day/hg38/	726	1	1	HG003	I2s	ILMN,NOVASEQ	1x	2026-02-20T06:18:06+00:00	2026-02-20T09:29:05+00:00	6	4	snakemake --profile=/fsx/analysis_results/ubuntu/single/daylily-omics-analysis/config/day_profiles/slurm produce_snv_concordances produce_deep19_vcf produce_alignstats dedup_doppelmark produce_bwa_mem2_sort_bam -p -k -T 1 -j 30	produce_snv_concordances,produce_deep19_vcf,produce_alignstats,dedup_doppelmark,produce_bwa_mem2_sort_bam,1		/fsx/analysis_results/ubuntu/single/daylily-omics-analysis/config/day_profiles/slurm	30	3032.96	9	prep_for_concordance_check,deepvariant_19,bwa_mem2_sort,deep19_sort_index_chunk_vcf,alignstats,doppelmark_dups,deep19_concat_index_chunks,deep19_concat_fofn,produce_deep19_vcf	none
FSxLustre20260216T130001Z	2026-02	ug_prod	s3://lsmc-dayoa-omics-analysis-us-west-2/FSxLustre20260216T130001Z/analysis_results/ubuntu/ug_prod/daylily-omics-analysis/	metadata_missing	False	False		0	0	0							0	0							0		missing metadata: day_cmd.log,config/samples.tsv,config/units.tsv
FSxLustre20260309T122755Z	2026-03	init	s3://lsmc-dayoa-omics-analysis-us-west-2/FSxLustre20260309T122755Z/analysis_results/ubuntu/init/daylily-omics-analysis/	metadata_missing	False	False		0	0	0							0	0							0		missing metadata: day_cmd.log,config/samples.tsv,config/units.tsv
FSxLustre20260309T122755Z	2026-03	take1	s3://lsmc-dayoa-omics-analysis-us-west-2/FSxLustre20260309T122755Z/analysis_results/ubuntu/take1/daylily-omics-analysis/	complete	True	True	s3://lsmc-dayoa-omics-analysis-us-west-2/FSxLustre20260309T122755Z/analysis_results/ubuntu/take1/daylily-omics-analysis/results/day/hg38_broad/	2658	1	6	HG003	HIOa	ILMN,NOVASEQ	SR20x-ONT10x,SR20x-ONT15x,SR20x-ONT7x,SR30x-ONT10x,SR30x-ONT15x,SR30x-ONT7x	2026-03-10T00:11:46+00:00	2026-03-10T17:24:38+00:00	9	6	snakemake --profile=/fsx/analysis_results/ubuntu/take1/daylily-omics-analysis/config/day_profiles/slurm produce_snv_concordances produce_sentdhiom_sv produce_sentdhiom_vcf -p -j 100 -k	produce_snv_concordances,produce_sentdhiom_sv,produce_sentdhiom_vcf		/fsx/analysis_results/ubuntu/take1/daylily-omics-analysis/config/day_profiles/slurm	100	0.0	0		none
FSxLustre20260309T122755Z	2026-03	take2	s3://lsmc-dayoa-omics-analysis-us-west-2/FSxLustre20260309T122755Z/analysis_results/ubuntu/take2/daylily-omics-analysis/	complete	True	True	s3://lsmc-dayoa-omics-analysis-us-west-2/FSxLustre20260309T122755Z/analysis_results/ubuntu/take2/daylily-omics-analysis/results/day/hg38/	409	1	1	HG003	HIOa	ILMN,NOVASEQ	SR30x-ONT1x	2026-03-10T00:20:10+00:00	2026-03-10T17:22:34+00:00	9	7	snakemake --profile=/fsx/analysis_results/ubuntu/take2/daylily-omics-analysis/config/day_profiles/slurm produce_snv_concordances produce_sentD_vcf dedup_doppelmark produce_sentieon_bwa_sort_bam produce_manta produce_tiddit produce_multiqc_final_wgs -p -j 100 -k	produce_snv_concordances,produce_sentD_vcf,dedup_doppelmark,produce_sentieon_bwa_sort_bam,produce_manta,produce_tiddit,produce_multiqc_final_wgs		/fsx/analysis_results/ubuntu/take2/daylily-omics-analysis/config/day_profiles/slurm	100	12056.721	12	sentieon_bwa_sort,doppelmark_dups,sent_DNAscope,tiddit,rtg_vcfeval_roi,parse_vcfeval_summary_roi,manta,tiddit_sort_index,manta_sort_and_index,sentD_sort_index_chunk_vcf	none
